Team,Conference,NET Rank,PrevNET,AvgOppNETRank,AvgOppNET,WL,ConfWL,ConfSOS,NCWL,RoadWL,NETSOS,NETNCSOS,WABRk,WAB,NCWABRk,NCWAB,Q1,Q2,Q3,Q4
Michigan,Big Ten,1,2,1,59,37-3,21-2,33,16-1,11-0,1,2,1,18.11,1,7.89,21-3,7-0,6-0,3-0
Duke(AQ),ACC,2,1,12,82,35-3,20-1,58,15-2,10-1,11,5,3,15.01,4,6.00,19-3,6-0,3-0,7-0
Arizona(AQ),Big 12,3,3,7,80,36-3,19-2,21,17-1,9-1,7,11,2,16.26,3,6.71,19-3,7-0,3-0,7-0
Florida,SEC,4,4,16,84,27-8,17-3,22,10-5,8-2,10,32,7,8.62,38,0.63,12-7,7-1,2-0,6-0
Illinois,Big Ten,5,8,7,80,28-9,15-6,49,13-3,8-2,12,12,8,8.41,7,3.75,10-9,6-0,7-0,5-0
Houston,Big 12,6,5,18,85,30-7,16-5,16,14-2,6-3,24,72,6,9.52,14,2.84,10-7,10-0,4-0,6-0
Iowa St.,Big 12,7,6,54,102,29-8,14-7,35,15-1,5-5,31,81,13,7.81,8,3.69,8-8,10-0,4-0,7-0
Purdue(AQ),Big Ten,8,9,5,70,30-9,17-7,9,13-2,8-3,5,21,5,10.44,5,3.98,13-9,6-0,8-0,3-0
UConn,Big East,9,10,21,86,34-6,19-4,79,15-2,9-2,22,1,4,11.93,2,7.09,11-4,11-1,7-1,5-0
Gonzaga(AQ),WCC,10,7,93,133,31-4,18-2,106,13-2,8-2,86,41,19,5.91,10,3.20,7-3,4-0,12-1,8-0
Michigan St.,Big Ten,11,11,7,80,27-8,15-6,39,12-2,6-4,16,34,9,8.06,11,3.13,10-7,4-1,9-0,4-0
Nebraska,Big Ten,12,14,45,97,28-7,15-6,18,13-1,7-3,32,162,12,7.87,18,2.24,10-7,5-0,7-0,6-0
St. John's (NY)(AQ),Big East,13,16,7,80,30-7,21-2,77,9-5,9-1,43,17,10,8.02,33,0.74,6-6,12-0,9-1,3-0
Alabama,SEC,14,18,2,64,25-10,13-6,38,12-4,7-3,2,4,14,7.75,6,3.85,9-8,9-2,5-0,2-0
Vanderbilt,SEC,15,13,18,85,27-9,13-8,2,14-1,8-4,14,82,15,7.64,9,3.37,10-8,9-1,2-0,6-0
Virginia,ACC,16,12,57,104,30-6,17-4,60,13-2,8-2,67,145,16,7.51,25,1.59,8-5,9-1,6-0,7-0
Tennessee,SEC,17,20,11,81,25-12,12-8,5,13-4,5-5,6,20,18,6.37,13,2.88,8-11,8-1,2-0,7-0
Arkansas(AQ),SEC,18,15,6,79,28-9,16-5,37,12-4,5-5,18,31,11,7.97,20,2.01,9-9,9-0,4-0,6-0
Louisville,ACC,19,17,36,93,24-11,12-8,51,12-3,4-7,28,38,23,4.24,17,2.25,9-11,4-0,4-0,7-0
Texas Tech,Big 12,20,19,4,69,23-11,12-7,17,11-4,5-5,8,24,20,5.45,22,1.92,7-10,5-1,8-0,3-0
Kansas,Big 12,21,21,3,65,24-11,13-7,7,11-4,5-6,4,18,17,6.46,19,2.11,8-10,9-1,4-0,3-0
Iowa,Big Ten,22,27,45,97,24-13,11-11,36,13-2,3-8,23,45,29,3.55,12,3.07,7-10,5-2,6-1,6-0
BYU,Big 12,23,23,12,82,23-12,11-10,31,12-2,3-6,19,46,24,4.01,15,2.72,7-10,8-2,3-0,5-0
Saint Mary's (CA),WCC,24,22,86,128,26-6,16-3,98,10-3,8-2,93,111,33,2.42,44,0.42,1-5,7-1,11-0,7-0
Utah St.(AQ),Mountain West,25,26,63,106,28-7,18-5,91,10-2,7-5,81,74,26,3.65,24,1.61,5-5,9-1,9-1,5-0
North Carolina,ACC,26,24,29,92,24-9,12-7,53,12-2,4-6,44,87,22,4.34,21,2.00,6-9,5-0,8-0,5-0
Wisconsin,Big Ten,27,25,22,88,24-11,16-7,15,8-4,6-4,25,157,21,4.62,86,-1.18,8-8,5-2,5-1,6-0
Kentucky,SEC,28,28,16,84,22-14,12-9,3,10-5,4-6,3,26,25,3.99,30,0.80,7-12,6-2,3-0,6-0
Saint Louis,Atlantic 10,29,31,113,153,28-6,16-4,116,12-2,7-3,111,187,41,1.47,27,1.11,3-2,6-3,6-1,13-0
Ohio St.,Big Ten,30,29,25,91,21-13,13-9,13,8-4,5-6,21,125,34,2.30,76,-0.97,4-12,5-1,6-0,6-0
UCLA,Big Ten,31,30,36,93,24-12,15-8,48,9-4,4-6,29,78,28,3.55,54,-0.15,5-9,6-3,6-0,7-0
Miami (FL),ACC,32,32,78,119,26-9,14-6,68,12-3,8-2,72,132,27,3.62,32,0.75,6-7,7-2,3-0,10-0
Georgia,SEC,33,33,70,109,22-11,10-9,28,12-2,6-4,53,230,36,1.94,37,0.67,7-8,5-2,1-1,9-0
Villanova,Big East,34,35,40,94,24-9,15-6,78,9-3,9-3,71,73,30,2.96,40,0.62,2-7,8-1,9-1,5-0
Clemson,ACC,35,34,57,104,24-11,14-7,70,10-4,6-5,55,59,32,2.59,45,0.39,6-7,7-4,4-0,7-0
NC State,ACC,36,36,24,89,20-14,11-9,57,9-5,6-4,40,61,45,-0.12,66,-0.66,5-9,6-4,5-0,4-1
Auburn,SEC,37,38,12,82,22-16,8-12,19,14-4,2-8,15,35,40,1.51,16,2.45,4-13,7-2,4-1,7-0
Texas,SEC,38,42,45,97,20-15,9-10,27,11-5,4-6,9,19,38,1.79,26,1.50,9-10,2-4,2-1,7-0
TCU,Big 12,39,39,70,109,23-12,12-8,50,11-4,5-5,34,67,31,2.72,41,0.58,6-8,8-2,2-1,7-1
SMU,ACC,40,37,25,91,20-14,9-11,54,11-3,3-8,65,190,55,-1.17,51,0.03,4-9,5-5,5-0,6-0
Indiana,Big Ten,41,41,51,101,18-14,9-12,32,9-2,3-8,38,231,49,-0.72,50,0.09,3-10,3-4,5-0,7-0
Santa Clara,WCC,42,40,84,125,25-9,17-4,86,8-5,8-3,83,86,43,1.23,92,-1.27,2-7,6-1,10-0,7-1
Texas A&M,SEC,43,44,68,108,22-12,11-8,30,11-4,6-5,39,139,37,1.92,59,-0.34,7-8,4-4,3-0,8-0
VCU(AQ),Atlantic 10,44,43,97,137,28-8,18-3,110,10-5,7-3,87,43,35,2.04,49,0.14,3-6,5-2,9-0,11-0
South Fla.(AQ),American,45,45,99,141,24-9,17-3,125,7-6,9-3,101,57,52,-1.03,119,-1.90,3-3,6-4,6-2,9-0
New Mexico,Mountain West,46,46,92,132,25-11,14-8,92,11-3,7-5,90,170,58,-1.29,47,0.20,2-7,6-2,7-2,10-0
Oklahoma,SEC,47,48,57,104,21-16,9-12,29,12-4,4-7,33,105,46,-0.32,46,0.33,6-10,6-6,2-0,7-0
San Diego St.,Mountain West,48,47,70,109,21-11,16-7,80,5-4,5-5,76,52,47,-0.37,80,-1.08,3-8,6-2,6-1,6-0
Cincinnati,Big 12,49,49,55,103,18-15,10-10,40,8-5,2-8,49,197,65,-1.87,137,-2.26,3-11,4-3,4-0,7-1
Baylor,Big 12,50,50,22,88,16-17,6-13,6,10-4,3-7,26,104,70,-2.36,55,-0.19,3-13,5-4,3-0,5-0
Tulsa,American,51,52,113,153,28-8,15-6,124,13-2,8-4,129,256,56,-1.22,36,0.68,1-3,5-4,10-1,12-0
UCF,Big 12,52,51,29,92,21-12,10-10,34,11-2,5-5,42,194,42,1.41,31,0.79,5-8,6-3,4-1,6-0
Seton Hall,Big East,53,53,63,106,21-12,11-11,74,10-1,6-5,74,314,51,-0.95,39,0.63,1-6,7-4,7-2,6-0
West Virginia,Big 12,54,59,74,111,21-14,9-10,42,12-4,3-6,70,212,50,-0.92,69,-0.75,6-8,4-5,3-1,8-0
Washington,Big Ten,55,57,44,96,16-17,8-14,47,8-3,4-9,47,265,78,-3.83,79,-1.06,2-11,3-5,6-1,5-0
Virginia Tech,ACC,56,55,51,101,19-13,8-11,52,11-2,3-7,69,220,53,-1.04,42,0.57,2-10,6-3,4-0,7-0
McNeese(AQ),Southland,57,56,197,196,26-6,21-3,234,5-3,9-5,162,22,48,-0.68,48,0.18,0-3,2-2,8-0,16-1
Akron(AQ),MAC,58,54,220,202,27-6,20-1,221,7-5,9-3,215,178,57,-1.29,140,-2.31,0-3,0-1,11-2,16-0
Missouri,SEC,59,58,77,113,20-13,10-9,11,10-4,5-7,37,180,44,0.74,72,-0.87,5-9,4-4,3-0,8-0
Boise St.,Mountain West,60,60,55,103,19-11,12-9,84,7-2,6-5,79,70,63,-1.68,34,0.73,2-6,7-3,7-1,3-1
Northwestern,Big Ten,61,65,29,92,15-19,7-16,14,8-3,3-8,27,233,82,-4.12,74,-0.92,2-13,2-4,6-2,5-0
Stanford,ACC,62,61,51,101,20-13,9-10,65,11-3,5-5,75,268,67,-1.99,63,-0.56,5-6,4-3,4-4,7-0
Florida St.,ACC,63,62,74,111,18-15,11-9,55,7-6,6-5,46,107,64,-1.81,148,-2.50,3-9,6-5,2-0,7-1
Belmont,MVC,64,63,142,173,25-6,16-5,140,9-1,11-3,214,352,61,-1.56,53,-0.01,0-0,5-2,11-2,9-2
Miami (OH),MAC,65,64,252,216,29-2,18-1,222,11-1,14-0,268,290,39,1.76,29,0.94,1-1,3-0,10-0,15-1
Dayton,Atlantic 10,66,69,93,133,25-12,14-7,95,11-5,8-5,91,123,68,-2.18,75,-0.95,2-6,8-2,7-3,8-1
Nevada,Mountain West,67,70,83,121,24-13,14-9,88,10-4,4-9,89,193,71,-2.91,77,-0.99,1-7,5-4,13-0,5-2
High Point(AQ),Big South,68,75,287,232,28-5,18-1,285,10-4,7-2,314,282,62,-1.59,106,-1.69,1-1,0-2,5-2,22-0
Wake Forest,ACC,69,66,48,98,18-17,8-12,61,10-5,2-7,63,122,77,-3.77,89,-1.20,1-10,6-5,4-2,7-0
Wichita St.,American,70,78,106,149,23-12,14-7,104,9-5,8-5,106,203,81,-4.09,130,-2.11,1-5,6-3,5-3,11-1
Grand Canyon,Mountain West,71,71,104,147,20-12,13-8,89,7-4,6-5,92,241,74,-3.51,124,-1.95,3-5,3-4,4-2,10-1
California,ACC,72,67,78,119,21-12,9-10,71,12-2,4-6,82,333,66,-1.98,57,-0.30,4-6,2-4,7-2,8-0
Arizona St.,Big 12,73,73,12,82,17-16,8-12,25,9-4,2-9,20,62,54,-1.06,52,0.03,6-11,3-3,4-1,4-1
Yale,Ivy League,74,68,173,185,22-7,12-4,223,10-3,9-3,231,246,72,-3.10,65,-0.63,0-1,1-0,12-5,9-1
LSU,SEC,75,77,66,107,15-17,3-16,12,12-1,3-7,52,302,84,-4.41,28,0.99,1-12,3-3,2-2,9-0
Colorado,Big 12,76,76,29,92,17-16,7-12,45,10-4,2-8,68,243,75,-3.65,95,-1.42,1-11,4-4,8-1,4-0
Southern California,Big Ten,77,79,29,92,17-14,7-14,41,10-0,5-6,41,267,59,-1.37,23,1.75,1-9,7-4,6-1,3-0
Providence,Big East,78,80,50,100,15-18,8-14,69,7-4,3-8,66,130,99,-5.60,91,-1.24,1-8,3-8,7-2,4-0
UNI(AQ),MVC,79,72,110,151,22-13,15-9,139,7-4,6-6,118,115,106,-6.08,88,-1.20,0-3,4-6,7-4,11-0
Ole Miss,SEC,80,82,40,94,15-20,7-15,1,8-5,3-7,17,155,80,-3.95,122,-1.93,5-14,2-3,1-3,7-0
Oklahoma St.,Big 12,81,74,42,95,20-15,7-13,26,13-2,2-7,57,255,60,-1.42,35,0.69,2-11,8-4,3-0,7-0
Minnesota,Big Ten,82,81,73,110,15-18,8-13,43,7-5,2-9,51,248,92,-4.99,166,-2.83,3-12,4-1,1-5,7-0
Creighton,Big East,83,83,36,93,16-18,9-12,73,7-6,4-8,56,54,90,-4.81,117,-1.85,2-8,3-7,6-3,5-0
Butler,Big East,84,84,62,105,16-16,7-14,75,9-2,3-8,73,175,88,-4.60,43,0.47,2-6,3-8,6-2,5-0
Syracuse,ACC,85,86,66,107,15-17,6-13,62,9-4,2-7,54,91,86,-4.55,60,-0.35,1-11,4-3,3-3,7-0
Utah Valley,WAC,86,85,152,176,22-9,15-5,203,7-4,6-7,226,225,89,-4.74,118,-1.86,0-2,0-2,10-3,12-2
Georgetown,Big East,87,90,57,104,16-18,8-15,66,8-3,4-8,64,163,93,-5.15,62,-0.46,1-9,5-6,4-3,6-0
Colorado St.,Mountain West,88,87,95,136,20-13,12-10,90,8-3,6-5,96,285,85,-4.45,87,-1.19,3-5,3-5,5-2,9-1
SFA,Southland,89,89,261,219,26-6,21-3,208,5-3,12-4,292,312,69,-2.32,115,-1.81,0-2,2-1,5-2,19-1
Hofstra(AQ),CAA,90,88,170,184,22-11,15-6,211,7-5,9-8,197,147,105,-6.00,133,-2.15,0-2,2-2,10-4,10-3
Illinois St.,MVC,91,95,112,152,22-13,12-9,132,10-4,7-7,116,179,103,-5.97,71,-0.87,2-3,4-4,9-5,7-1
George Washington,Atlantic 10,92,91,108,150,18-16,9-11,107,9-5,4-8,102,144,139,-7.96,105,-1.64,1-6,1-5,7-2,9-3
Marquette,Big East,93,93,42,95,12-20,7-14,76,5-6,2-10,62,83,135,-7.89,164,-2.82,1-9,2-8,5-3,4-0
George Mason,Atlantic 10,94,92,119,157,22-10,11-8,115,11-2,4-6,154,350,87,-4.56,68,-0.71,1-2,1-3,11-5,9-0
Notre Dame,ACC,95,94,57,104,13-18,4-14,63,9-4,2-9,58,89,104,-5.98,58,-0.31,2-10,2-6,3-1,6-1
Xavier,Big East,96,97,29,92,15-18,7-15,67,8-3,1-10,60,120,97,-5.38,56,-0.21,0-9,4-8,5-1,6-0
Wyoming,Mountain West,97,99,100,142,17-15,9-12,87,8-3,3-10,95,269,115,-6.60,81,-1.09,1-8,1-5,3-2,12-0
California Baptist(AQ),WAC,98,98,187,193,25-9,15-5,161,10-4,7-7,193,219,76,-3.75,90,-1.22,0-2,2-4,5-3,18-0
Kansas St.,Big 12,99,100,36,93,12-20,3-16,10,9-4,1-10,30,148,109,-6.29,73,-0.91,0-13,5-6,2-1,5-0
UNCW,CAA,100,96,229,207,25-7,15-4,231,10-3,12-2,326,342,79,-3.84,100,-1.55,1-0,0-2,8-3,16-2
DePaul,Big East,101,102,81,120,16-16,8-13,72,8-3,4-7,77,336,101,-5.64,107,-1.69,2-5,3-8,5-2,6-1
Liberty,CUSA,102,106,155,178,23-8,17-4,217,6-4,11-3,201,118,73,-3.37,98,-1.45,1-2,2-0,9-4,11-2
Hawaii(AQ),Big West,103,101,220,202,22-9,16-6,213,6-3,6-5,283,298,96,-5.34,104,-1.56,0-1,0-4,8-2,14-2
South Carolina,SEC,104,108,76,112,13-19,4-15,4,9-4,2-8,45,319,107,-6.16,134,-2.15,1-13,2-6,1-0,9-0
UNLV,Mountain West,105,111,81,120,17-17,12-10,81,5-7,7-7,84,137,122,-6.92,232,-4.06,4-6,6-4,2-4,5-3
Pittsburgh,ACC,106,104,49,99,13-20,6-14,59,7-6,3-8,61,149,129,-7.43,171,-2.91,2-10,3-6,3-3,5-1
Oregon,Big Ten,107,109,18,85,12-20,5-16,46,7-4,2-8,36,150,114,-6.60,93,-1.39,1-14,3-2,2-4,6-0
Mississippi St.,SEC,108,112,25,91,13-19,5-14,8,8-5,4-6,35,202,100,-5.60,139,-2.30,2-12,3-5,3-2,5-0
Sam Houston,CUSA,109,107,144,174,19-12,14-8,202,5-4,6-10,179,84,124,-7.06,94,-1.40,0-2,0-3,10-6,9-1
Murray St.,MVC,110,105,123,160,20-13,12-9,131,8-4,5-7,122,209,116,-6.65,102,-1.55,0-3,4-5,6-5,10-0
Saint Joseph's,Atlantic 10,111,121,116,154,22-12,14-6,114,8-6,8-8,109,176,83,-4.41,169,-2.86,1-5,3-3,9-2,9-2
Davidson,Atlantic 10,112,115,108,150,18-14,11-9,122,7-5,7-5,113,116,123,-7.01,123,-1.94,0-5,3-3,6-5,9-1
St. Thomas (MN),Summit League,113,103,279,228,21-10,13-5,286,8-5,8-7,319,295,121,-6.88,172,-2.91,0-1,0-3,6-2,15-4
Pacific,WCC,114,116,128,164,16-15,9-11,108,7-4,4-11,107,200,143,-8.02,108,-1.70,0-7,0-3,4-5,12-0
UIC,MVC,115,110,120,159,17-16,14-9,129,3-7,7-9,130,237,177,-9.79,278,-5.13,0-3,4-4,5-8,8-1
North Dakota St.(AQ),Summit League,116,114,287,232,24-8,17-2,291,7-6,10-5,328,297,91,-4.87,220,-3.92,0-1,0-1,5-4,19-2
Bradley,MVC,117,113,120,159,20-13,14-8,128,6-5,4-7,169,341,131,-7.58,214,-3.77,0-1,2-7,10-4,8-1
UAB,American,118,118,142,173,19-12,11-8,127,8-4,10-2,152,322,118,-6.71,142,-2.34,2-1,3-3,5-6,9-2
Seattle U,WCC,119,122,123,160,19-14,9-11,97,10-3,5-8,108,284,113,-6.59,70,-0.86,1-6,1-1,4-6,13-1
UC Irvine,Big West,120,117,164,182,21-12,16-6,205,5-6,7-5,275,310,144,-8.05,246,-4.36,0-0,1-3,6-9,14-0
San Francisco,WCC,121,119,105,148,16-16,9-11,94,7-5,4-7,98,217,138,-7.95,152,-2.59,0-6,3-4,6-3,7-3
Southern Ill.,MVC,122,120,120,159,15-16,10-11,135,5-5,7-8,135,235,192,-10.26,181,-3.11,2-1,2-6,4-7,7-2
Fla. Atlantic,American,123,123,117,155,16-15,10-10,133,6-5,4-8,120,192,156,-8.93,155,-2.64,0-3,2-7,7-3,7-2
UC San Diego,Big West,124,124,185,192,21-11,13-9,216,8-2,8-5,295,317,128,-7.36,64,-0.56,0-1,1-1,9-6,11-3
Wright St.(AQ),Horizon,125,127,229,207,21-12,18-5,265,3-7,9-5,269,142,142,-8.00,257,-4.59,0-2,0-2,5-6,16-2
UTRGV,Southland,126,126,220,202,17-14,15-9,189,2-5,8-8,173,47,157,-8.97,156,-2.65,0-4,1-2,2-2,14-6
William & Mary,CAA,127,129,203,198,18-12,11-9,209,7-3,6-9,232,221,140,-7.97,78,-1.02,0-1,2-2,4-6,12-3
Memphis,American,128,135,86,128,13-19,8-11,119,5-8,3-10,88,29,189,-10.15,176,-3.02,0-7,2-7,5-2,6-3
Winthrop,Big South,129,131,251,215,20-11,15-4,227,5-7,7-9,167,92,102,-5.88,204,-3.64,0-4,1-2,3-1,16-4
Duquesne,Atlantic 10,130,133,110,151,16-15,10-10,102,6-5,5-7,104,259,136,-7.90,177,-3.05,0-7,2-3,5-4,9-1
Maryland,Big Ten,131,138,25,91,12-21,5-17,20,7-4,2-10,13,75,98,-5.58,67,-0.69,1-15,3-2,3-4,5-0
Montana St.,Big Sky,132,128,177,188,15-14,12-7,230,3-7,6-11,194,103,172,-9.53,237,-4.25,0-3,0-1,8-6,7-4
Utah,Big 12,133,132,29,92,10-22,2-17,23,8-5,1-10,50,251,164,-9.28,157,-2.66,1-13,2-5,2-3,5-1
Toledo,MAC,134,130,164,182,17-15,13-8,147,4-7,5-9,174,201,179,-9.81,262,-4.70,0-3,1-3,4-7,12-2
North Texas,American,135,136,134,167,17-14,10-10,126,7-4,5-7,119,206,137,-7.92,111,-1.75,0-4,2-4,6-3,9-3
Rutgers,Big Ten,136,134,63,106,14-20,7-15,44,7-5,2-9,48,240,111,-6.44,163,-2.76,0-13,3-6,6-0,5-1
Troy(AQ),Sun Belt,137,125,225,204,20-12,14-6,270,6-6,9-7,218,109,130,-7.52,165,-2.82,1-1,2-1,4-7,13-3
Penn St.,Big Ten,138,142,68,108,12-20,3-18,24,9-2,2-9,59,362,132,-7.64,82,-1.10,2-11,0-5,3-4,7-0
ETSU,SoCon,139,140,300,239,21-11,15-6,295,6-5,8-6,341,291,145,-8.10,187,-3.22,0-2,0-0,2-4,19-5
St. Bonaventure,Atlantic 10,140,144,117,155,16-17,6-15,113,10-2,4-7,128,325,203,-10.74,61,-0.43,0-4,3-4,5-5,8-4
Navy,Patriot,141,137,359,272,24-8,18-2,339,6-6,10-5,348,258,95,-5.30,218,-3.87,0-2,0-2,1-1,23-3
UC Santa Barbara,Big West,142,143,191,194,16-14,11-10,207,5-4,5-8,291,320,198,-10.54,162,-2.74,0-1,1-3,3-7,12-3
Robert Morris,Horizon,143,148,258,217,20-11,14-8,262,6-3,8-7,320,270,134,-7.88,96,-1.45,0-1,1-0,8-3,11-7
Washington St.,WCC,144,146,95,136,11-20,7-12,99,4-8,1-11,99,182,233,-12.34,290,-5.32,0-4,0-10,4-4,7-2
Portland St.,Big Sky,145,147,224,203,17-11,14-6,237,3-5,8-7,284,228,133,-7.70,198,-3.45,0-1,0-3,8-4,9-3
Penn(AQ),Ivy League,146,139,148,175,17-12,11-5,153,6-7,4-8,142,154,119,-6.79,222,-3.93,0-3,1-3,6-4,10-2
Kennesaw St.(AQ),CUSA,147,155,177,188,18-14,13-10,182,5-4,4-8,199,135,161,-9.19,113,-1.79,0-2,0-3,6-5,12-4
Northern Colo.,Big Sky,148,149,226,205,17-12,10-9,232,7-3,8-7,262,245,149,-8.46,85,-1.16,0-1,1-1,7-6,9-4
Cornell,Ivy League,149,150,197,196,13-13,8-7,151,5-6,8-8,176,218,154,-8.80,216,-3.81,0-2,1-3,2-6,10-2
Rhode Island,Atlantic 10,150,152,132,166,16-16,7-12,118,9-4,4-7,133,303,186,-10.05,128,-2.01,3-0,1-7,4-5,8-4
Fresno St.,Mountain West,151,153,98,138,12-19,7-14,85,5-5,2-10,94,300,207,-10.86,195,-3.42,0-7,0-8,5-2,7-2
Idaho(AQ),Big Sky,152,145,194,195,18-15,13-9,233,5-6,7-9,244,204,204,-10.76,212,-3.73,0-1,0-3,9-8,9-3
Kent St.,MAC,153,141,183,191,22-10,15-5,155,7-5,7-6,205,271,94,-5.29,174,-2.93,0-2,1-4,9-3,12-1
Harvard,Ivy League,154,151,242,211,16-12,10-5,167,6-7,9-6,236,318,147,-8.32,280,-5.13,1-1,0-1,5-7,10-3
Arkansas St.,Sun Belt,155,154,237,210,18-12,11-8,269,7-4,9-7,256,184,146,-8.28,101,-1.55,0-2,0-1,9-2,9-7
Western Ky.,CUSA,156,160,148,175,16-14,11-10,177,5-4,5-7,191,126,168,-9.34,110,-1.73,0-2,2-2,2-9,12-1
Valparaiso,MVC,157,156,134,167,17-15,12-10,130,5-5,4-10,131,238,158,-9.01,182,-3.13,0-3,1-7,7-3,9-2
Boston College,ACC,158,158,86,128,11-20,4-14,64,7-6,1-10,80,359,196,-10.54,264,-4.85,0-8,1-7,5-2,5-3
Bowling Green,MAC,159,157,216,201,15-14,9-10,162,6-4,6-6,271,339,195,-10.51,168,-2.86,0-1,1-4,4-6,10-3
Towson,CAA,160,159,164,182,17-15,11-10,199,6-5,3-10,163,101,173,-9.68,125,-1.96,0-3,0-3,6-6,11-3
Richmond,Atlantic 10,161,165,137,168,14-17,5-14,112,9-3,3-8,147,356,219,-11.57,120,-1.91,1-2,0-5,7-7,6-3
Middle Tenn.,CUSA,162,163,129,165,14-15,11-10,212,3-5,5-8,139,23,174,-9.71,116,-1.83,0-2,0-4,8-5,6-4
UT Arlington,WAC,163,161,161,180,16-14,10-10,150,6-4,8-8,184,211,163,-9.27,127,-1.97,0-2,1-4,5-5,10-3
Austin Peay,ASUN,164,164,309,243,20-9,16-4,312,4-5,9-7,329,196,108,-6.18,179,-3.09,0-1,0-3,2-3,18-2
Col. of Charleston,CAA,165,162,177,188,20-11,14-5,190,6-6,8-4,229,272,120,-6.81,225,-3.93,0-1,2-3,4-6,14-1
Central Ark.,ASUN,166,166,281,230,20-12,17-4,302,3-8,6-10,202,44,127,-7.24,238,-4.28,0-4,0-1,3-2,17-5
Temple,American,167,167,162,181,15-16,8-11,141,7-5,5-6,190,305,215,-11.18,185,-3.17,0-3,2-2,2-9,11-2
Monmouth,CAA,168,168,212,200,18-15,13-8,171,5-7,6-9,270,327,211,-11.02,294,-5.46,0-1,0-4,8-4,10-6
Georgia Tech,ACC,169,169,89,129,11-20,2-16,56,9-4,1-9,78,347,185,-10.01,154,-2.63,1-10,0-5,1-4,9-1
Marshall,Sun Belt,170,171,226,205,18-13,11-8,258,7-5,6-8,289,252,169,-9.42,167,-2.84,0-1,1-2,6-5,11-5
Charlotte,American,171,173,129,165,16-17,11-10,121,5-7,4-8,125,263,201,-10.68,266,-4.88,0-6,1-4,4-5,11-2
Oregon St.,WCC,172,170,101,143,17-16,10-10,96,7-6,4-7,114,328,155,-8.85,243,-4.34,1-4,1-4,10-5,5-3
Siena(AQ),MAAC,173,183,331,252,23-12,16-7,300,7-5,9-7,335,257,152,-8.70,170,-2.86,0-2,0-0,2-6,21-4
Fordham,Atlantic 10,174,174,173,185,14-15,8-11,103,6-4,4-6,159,365,188,-10.12,211,-3.73,0-3,2-3,4-4,8-5
Oakland,Horizon,175,175,168,183,15-16,12-9,257,3-7,8-9,115,3,170,-9.44,129,-2.03,0-5,0-2,7-3,8-6
Tennessee St.(AQ),OVC,176,172,316,246,20-10,17-5,324,3-5,10-7,258,36,110,-6.30,132,-2.15,0-3,1-0,3-1,16-6
Utah Tech,WAC,177,176,158,179,16-15,12-8,156,4-7,6-10,137,97,165,-9.29,223,-3.93,0-3,0-6,5-3,11-3
Merrimack,MAAC,178,180,284,231,23-11,19-4,290,4-7,9-8,300,165,125,-7.19,250,-4.46,0-2,0-1,4-6,19-2
UC Davis,Big West,179,178,173,185,17-14,12-10,197,5-4,6-9,238,242,180,-9.93,141,-2.33,1-0,0-5,6-8,10-1
Cal St. Fullerton,Big West,180,177,144,174,16-16,13-9,183,3-7,6-10,188,131,210,-11.01,253,-4.50,0-2,1-4,6-8,9-2
Marist,MAAC,181,181,324,250,18-12,13-9,293,5-3,7-7,363,358,187,-10.10,138,-2.29,0-0,0-1,0-8,18-3
LMU (CA),WCC,182,179,134,167,14-17,6-13,109,8-4,4-7,136,343,218,-11.26,159,-2.70,0-4,1-3,6-5,7-5
Furman(AQ),SoCon,183,186,252,216,19-13,13-8,277,6-5,7-5,293,189,166,-9.32,153,-2.60,0-1,0-3,5-5,14-4
Mercer,SoCon,184,182,264,220,16-13,11-8,283,5-5,5-11,230,94,159,-9.09,135,-2.20,0-3,0-1,2-5,14-4
South Alabama,Sun Belt,185,187,267,221,19-12,11-8,255,8-4,8-7,310,313,153,-8.76,136,-2.22,0-1,1-1,7-6,11-4
Northern Ky.,Horizon,186,184,252,216,17-14,12-11,243,5-3,7-8,313,287,205,-10.78,109,-1.70,0-1,0-1,2-8,15-4
New Mexico St.,CUSA,187,190,164,182,13-16,9-13,200,4-3,3-8,253,261,235,-12.38,112,-1.76,0-0,1-2,6-8,6-6
Columbia,Ivy League,188,185,233,209,14-12,5-9,159,9-3,7-7,219,301,148,-8.36,83,-1.12,0-3,0-1,4-5,10-3
CSUN,Big West,189,188,170,184,18-14,13-9,175,5-5,7-8,239,280,178,-9.80,191,-3.32,0-1,1-4,8-5,9-4
A&M-Corpus Christi,Southland,190,191,197,196,14-15,14-10,188,0-5,7-9,149,6,182,-9.99,158,-2.68,0-3,1-5,0-4,13-3
App State,Sun Belt,191,192,272,224,17-13,11-8,263,6-5,7-8,322,308,183,-9.99,193,-3.34,0-1,1-0,3-6,13-6
Queens (NC)(AQ),ASUN,192,189,264,220,20-14,16-5,304,4-9,6-10,146,28,141,-8.00,230,-4.02,0-6,0-1,2-3,18-4
Lipscomb,ASUN,193,193,281,230,17-13,12-7,306,5-6,6-11,207,56,150,-8.62,149,-2.53,0-4,0-0,2-4,15-5
Howard(AQ),MEAC,194,203,359,272,20-11,13-3,365,7-8,7-6,263,141,126,-7.23,247,-4.37,0-3,1-2,2-0,17-6
FIU,CUSA,195,197,158,179,12-17,8-13,174,4-4,3-10,182,102,236,-12.38,114,-1.79,0-3,0-2,4-6,8-6
Montana,Big Sky,196,194,155,178,15-15,12-9,215,3-6,5-9,189,88,193,-10.33,196,-3.44,0-3,1-1,7-7,7-4
Buffalo,MAC,197,195,233,209,15-15,7-12,142,8-3,8-6,251,363,217,-11.20,131,-2.11,0-2,1-4,3-4,11-5
LIU(AQ),NEC,198,198,339,256,24-11,18-3,358,6-8,10-9,257,100,117,-6.69,233,-4.11,0-3,0-2,1-3,23-3
UMBC(AQ),America East,199,196,365,285,22-9,17-2,363,5-7,9-6,354,274,112,-6.58,269,-4.94,0-2,0-2,0-2,22-3
Campbell,CAA,200,200,138,169,14-18,10-11,163,4-7,3-13,121,49,224,-11.77,194,-3.36,0-4,2-3,3-8,9-3
Drake,MVC,201,199,106,149,12-20,8-15,120,4-5,4-7,145,345,274,-14.35,231,-4.03,0-1,2-7,5-11,5-1
Massachusetts,MAC,202,201,207,199,16-16,8-12,145,8-4,2-8,272,357,231,-12.16,173,-2.93,0-2,2-1,5-8,9-5
Weber St.,Big Sky,203,202,194,195,14-16,10-9,225,4-7,5-10,237,226,227,-12.06,265,-4.87,0-1,0-5,4-6,10-4
Eastern Wash.,Big Sky,204,204,154,177,13-19,12-8,219,1-11,5-13,166,96,254,-13.71,347,-7.65,0-2,1-4,4-11,8-2
Missouri St.,CUSA,205,206,162,181,13-18,10-13,181,3-5,3-10,246,277,267,-14.04,206,-3.65,0-1,0-3,5-9,8-5
Tulane,American,206,207,123,160,17-15,9-11,134,8-4,6-4,168,326,175,-9.73,145,-2.43,0-2,3-5,4-7,10-1
UT Martin,OVC,207,205,336,255,19-11,14-8,321,5-3,8-6,355,253,151,-8.66,103,-1.56,0-1,2-1,0-3,17-6
Louisiana Tech,CUSA,208,209,207,199,17-14,13-10,186,4-4,4-10,301,344,197,-10.54,183,-3.13,0-1,1-1,4-10,12-2
James Madison,Sun Belt,209,208,252,216,17-15,10-10,254,7-5,5-10,278,234,216,-11.19,161,-2.73,0-2,0-1,6-5,11-7
Quinnipiac,MAAC,210,212,293,236,18-13,12-9,294,6-4,9-7,281,117,167,-9.32,97,-1.45,0-2,1-2,4-3,13-6
South Dakota St.,Summit League,211,210,231,208,11-18,7-10,246,4-8,4-9,220,183,266,-13.95,291,-5.32,0-1,0-6,1-5,10-6
Drexel,CAA,212,211,237,210,16-16,11-9,179,5-7,4-9,316,361,241,-12.75,313,-6.01,0-0,0-4,4-8,12-4
Samford,SoCon,213,217,278,227,16-14,11-8,272,5-6,6-9,279,195,194,-10.43,205,-3.64,0-2,0-1,4-6,12-5
Jacksonville St.,CUSA,214,216,191,194,12-17,10-11,184,2-6,5-8,306,355,262,-13.90,288,-5.26,0-0,0-2,5-9,7-6
New Orleans,Southland,215,215,187,193,15-18,13-11,206,2-7,9-11,127,15,222,-11.74,189,-3.26,1-4,2-3,1-5,11-6
Southern Miss.,Sun Belt,216,214,237,210,17-16,12-10,250,5-6,4-11,277,213,225,-12.05,215,-3.78,0-2,0-2,4-8,13-4
Indiana St.,MVC,217,213,132,166,9-21,4-17,123,5-4,3-12,134,289,290,-15.44,151,-2.54,0-2,1-6,2-10,6-3
Green Bay,Horizon,218,218,203,198,16-15,13-9,251,3-6,6-9,241,112,208,-10.96,208,-3.68,0-1,0-4,4-7,12-3
Youngstown St.,Horizon,219,219,248,213,12-17,8-13,238,4-4,4-11,307,288,263,-13.90,160,-2.70,1-0,0-3,2-7,9-7
Detroit Mercy,Horizon,220,221,207,199,15-15,14-9,240,1-6,7-9,234,79,209,-11.01,224,-3.93,0-1,1-4,3-6,11-4
Ga. Southern,Sun Belt,221,220,276,226,19-16,13-11,256,6-5,7-8,351,354,245,-13.16,228,-3.98,0-1,0-0,5-7,14-8
Elon,CAA,222,223,183,191,12-18,6-13,168,6-5,6-9,222,273,257,-13.82,180,-3.11,0-2,2-1,2-7,8-8
Portland,WCC,223,222,102,145,13-19,8-13,101,5-6,1-12,105,296,223,-11.75,236,-4.24,1-4,0-6,5-7,7-2
Southeast Mo. St.,OVC,224,224,318,247,17-13,15-7,322,2-6,8-7,302,76,176,-9.73,202,-3.63,0-3,0-0,2-1,15-9
Western Caro.,SoCon,225,228,233,209,13-16,11-9,266,2-7,4-12,160,25,214,-11.13,200,-3.50,0-5,0-0,4-4,9-7
Coastal Carolina,Sun Belt,226,229,267,221,18-13,11-8,268,7-5,10-7,331,315,184,-10.00,190,-3.27,0-1,2-1,4-4,12-7
Cal Poly,Big West,227,225,144,174,12-19,10-11,173,2-8,6-11,187,140,269,-14.14,302,-5.56,0-1,3-4,4-8,5-6
Colgate,Patriot,228,226,301,240,16-15,12-8,325,4-7,6-10,223,53,202,-10.68,197,-3.44,0-3,0-0,2-5,14-7
Vermont,America East,229,227,355,271,20-12,14-5,343,6-7,8-7,365,351,191,-10.22,305,-5.72,0-0,0-1,0-6,20-5
Tarleton St.,WAC,230,230,144,174,10-18,5-14,149,5-4,4-11,140,99,243,-12.94,99,-1.50,0-4,0-3,2-4,8-7
Saint Peter's,MAAC,231,233,305,241,16-12,14-7,284,2-5,4-10,315,146,160,-9.11,192,-3.33,0-2,0-1,3-3,13-6
Ohio,MAC,232,231,170,184,13-17,9-10,164,4-7,4-8,175,167,230,-12.15,251,-4.48,0-3,0-4,4-7,9-3
Stony Brook,CAA,233,232,216,201,15-15,9-10,195,6-5,4-9,296,337,220,-11.60,209,-3.69,0-1,0-3,4-8,11-3
Iona,MAAC,234,237,316,246,18-14,10-11,303,8-3,6-8,343,278,213,-11.13,84,-1.15,0-1,0-1,3-4,15-8
UNC Asheville,Big South,235,239,207,199,12-17,9-9,204,3-8,4-9,216,216,242,-12.89,307,-5.79,0-3,0-5,0-4,12-5
San Diego,WCC,236,234,126,161,10-21,6-14,111,4-7,2-11,117,321,283,-14.85,295,-5.48,0-4,1-5,4-6,5-6
Texas St.,Sun Belt,237,235,289,233,17-13,11-8,248,6-5,3-9,357,364,206,-10.81,240,-4.32,0-0,0-0,3-9,14-4
Fairfield,MAAC,238,240,339,256,20-13,13-10,288,7-3,7-8,359,348,200,-10.67,126,-1.96,0-1,0-0,2-6,18-6
Idaho St.,Big Sky,239,236,176,187,10-20,6-14,220,4-6,3-12,213,153,295,-15.70,203,-3.63,0-2,0-3,4-10,6-5
Eastern Mich.,MAC,240,238,182,190,9-21,4-14,157,5-7,3-14,153,164,301,-15.90,235,-4.23,1-2,0-6,1-7,7-6
Charleston So.,Big South,241,242,289,233,12-17,6-11,218,6-6,5-11,305,335,261,-13.89,256,-4.55,0-2,0-3,3-3,9-9
Rice,American,242,243,148,175,11-18,7-11,137,4-7,4-9,150,294,244,-13.00,286,-5.23,1-2,0-5,4-5,6-6
San Jose St.,Mountain West,243,244,78,119,8-24,4-18,82,4-6,1-12,85,177,280,-14.71,213,-3.75,0-7,2-10,0-7,6-0
La Salle,Atlantic 10,244,245,90,130,8-23,5-14,105,3-9,1-13,100,119,291,-15.46,309,-5.95,0-4,1-7,3-11,4-1
Denver,Summit League,245,241,212,200,12-17,8-9,259,4-8,6-11,156,69,228,-12.09,244,-4.34,0-3,3-3,2-3,7-8
Wofford,SoCon,246,246,296,238,17-13,11-8,276,6-5,9-7,317,276,181,-9.96,184,-3.14,0-2,0-1,3-4,14-6
FGCU,ASUN,247,247,276,226,14-18,10-11,287,4-7,3-11,273,143,270,-14.16,245,-4.36,0-3,0-0,2-7,12-8
Abilene Christian,WAC,248,248,155,178,11-19,6-14,144,5-5,3-12,144,121,253,-13.65,147,-2.47,0-2,0-5,2-7,9-5
Lamar University,Southland,249,251,248,213,10-19,7-15,192,3-4,5-10,225,188,284,-15.01,146,-2.45,0-3,0-3,1-5,9-8
Nicholls,Southland,250,250,203,198,13-19,13-11,198,0-8,7-12,180,63,264,-13.90,299,-5.52,0-2,1-6,2-5,10-6
Princeton,Ivy League,251,249,168,183,8-20,5-9,154,3-11,1-12,192,264,294,-15.67,356,-8.52,0-3,1-0,2-11,5-6
Radford,Big South,252,252,270,223,13-16,9-8,229,4-8,4-8,233,229,229,-12.12,304,-5.68,0-3,0-4,0-4,13-5
Milwaukee,Horizon,253,253,194,195,11-20,8-13,242,3-7,3-14,158,39,282,-14.78,201,-3.53,0-5,0-1,2-7,9-7
Purdue Fort Wayne,Horizon,254,254,212,200,14-15,11-10,241,3-5,6-11,198,51,199,-10.63,144,-2.39,0-3,1-2,4-5,9-5
Old Dominion,Sun Belt,255,255,226,205,11-21,8-12,260,3-9,4-14,221,128,311,-16.53,311,-5.98,0-2,0-5,3-8,8-6
American,Patriot,256,256,307,242,14-16,9-10,319,5-6,5-10,280,127,237,-12.44,188,-3.23,0-3,0-1,2-3,12-9
Long Beach St.,Big West,257,257,148,175,8-22,6-14,176,2-8,3-13,181,133,319,-17.22,297,-5.52,0-2,1-3,1-12,6-5
Presbyterian,Big South,258,260,264,220,12-18,8-10,224,4-8,3-13,259,283,273,-14.31,315,-6.02,0-3,0-3,2-3,10-9
SIUE,OVC,259,259,362,275,16-13,12-9,320,4-4,8-7,361,329,212,-11.11,175,-2.98,0-1,0-0,2-2,14-10
Bethune-Cookman,SWAC,260,261,309,243,16-15,14-5,362,2-10,7-11,132,8,162,-9.23,258,-4.61,0-7,0-1,1-0,15-7
Omaha,Summit League,261,258,237,210,12-17,9-9,247,3-8,5-10,282,254,251,-13.57,314,-6.02,0-1,0-4,2-6,10-6
East Carolina,American,262,267,139,170,10-20,6-12,136,4-8,4-8,126,210,272,-14.29,301,-5.56,0-4,2-4,1-5,7-7
Longwood,Big South,263,266,309,243,13-16,8-9,226,5-7,4-10,333,353,247,-13.24,308,-5.82,0-2,0-3,1-3,12-8
Lindenwood,OVC,264,262,334,254,15-15,12-10,317,3-5,7-9,297,66,221,-11.60,150,-2.54,0-3,0-0,1-3,14-9
Morehead St.,OVC,265,264,307,242,17-13,16-6,311,1-7,7-10,287,60,171,-9.50,254,-4.52,0-3,0-1,1-4,16-5
Boston U.,Patriot,266,263,346,260,16-17,12-9,305,4-8,6-12,358,340,278,-14.63,329,-6.65,0-1,0-0,2-6,14-10
Dartmouth,Ivy League,267,265,197,196,9-16,5-9,152,4-7,6-8,196,260,232,-12.18,275,-5.05,0-2,0-3,4-4,5-7
UTEP,CUSA,268,268,141,171,8-20,7-13,187,1-7,2-11,206,161,300,-15.90,281,-5.14,0-1,0-4,3-10,5-5
Hampton,CAA,269,270,245,212,11-19,7-12,166,4-7,2-12,266,334,289,-15.36,303,-5.67,0-1,0-3,2-9,9-6
Sacramento St.,Big Sky,270,269,139,170,7-21,6-13,210,1-8,0-16,157,64,309,-16.27,283,-5.22,0-3,0-3,2-13,5-2
North Dakota,Summit League,271,271,231,208,15-17,12-7,236,3-10,7-8,209,169,234,-12.35,338,-7.03,0-2,1-3,2-5,12-7
Southern Utah,WAC,272,272,129,165,7-22,6-13,146,1-9,2-15,138,108,313,-16.70,321,-6.33,0-3,0-2,2-12,5-5
UC Riverside,Big West,273,273,152,176,8-22,5-15,172,3-7,3-15,141,65,312,-16.61,221,-3.92,0-3,0-5,2-9,6-5
Mercyhurst,NEC,274,277,352,269,15-17,12-9,334,3-8,5-14,327,171,259,-13.87,296,-5.50,0-3,0-2,0-3,15-9
Pepperdine,WCC,275,274,113,153,7-23,4-15,93,3-8,2-11,103,323,305,-16.11,327,-6.49,0-6,0-2,2-10,5-5
N.C. A&T,CAA,276,276,237,210,9-19,4-15,196,5-4,4-11,304,349,304,-16.00,178,-3.09,0-0,0-4,3-9,6-6
Mount St. Mary's,MAAC,277,281,301,240,14-17,11-10,292,3-7,7-11,298,151,249,-13.49,260,-4.63,0-3,0-1,2-6,12-7
Loyola Chicago,Atlantic 10,278,279,103,146,9-24,5-15,100,4-9,1-9,112,307,314,-16.79,339,-7.04,1-5,0-5,3-10,5-4
Southern U.,SWAC,279,278,322,249,14-17,13-8,348,1-9,7-12,178,9,226,-12.05,255,-4.53,0-5,0-2,0-1,14-9
UIW,Southland,280,282,216,201,9-19,7-15,185,2-4,2-12,171,40,276,-14.44,121,-1.92,0-3,1-4,1-3,7-9
Central Mich.,MAC,281,280,203,198,8-21,6-12,158,2-9,1-15,164,166,307,-16.19,326,-6.48,0-4,0-3,3-6,5-8
Lehigh(AQ),Patriot,282,275,324,250,16-17,14-7,323,2-10,4-11,332,222,258,-13.83,348,-7.66,0-2,0-0,1-6,15-9
Western Mich.,MAC,283,283,187,193,9-20,4-14,143,5-6,3-13,161,223,286,-15.14,217,-3.86,0-4,0-3,2-7,7-6
Delaware,CUSA,284,287,187,193,10-20,6-14,170,4-6,4-10,243,309,306,-16.14,252,-4.49,0-1,1-2,5-7,4-10
Bellarmine,ASUN,285,285,269,222,11-19,8-12,275,3-7,2-13,248,113,288,-15.18,249,-4.43,0-2,0-3,0-5,11-9
South Dakota,Summit League,286,284,272,224,13-16,8-9,253,5-7,3-10,299,286,240,-12.72,274,-5.04,0-1,0-5,1-4,12-6
Northeastern,CAA,287,286,185,192,7-24,3-17,201,4-7,3-13,261,306,353,-20.20,292,-5.33,0-1,0-3,3-10,4-10
Chattanooga,SoCon,288,288,292,235,10-19,7-12,273,3-7,6-9,303,224,298,-15.85,276,-5.06,0-2,0-1,2-4,8-12
Central Conn. St.,NEC,289,289,363,276,16-12,12-7,341,4-5,8-8,362,316,190,-10.19,210,-3.70,0-1,0-0,2-3,14-8
Le Moyne,NEC,290,290,352,269,14-17,10-9,342,4-8,5-12,353,293,277,-14.56,317,-6.07,0-1,0-1,1-5,13-10
Eastern Ky.,ASUN,291,291,252,216,9-21,7-12,280,2-9,3-13,254,152,320,-17.26,324,-6.39,0-2,0-2,1-7,8-10
Sacred Heart,MAAC,292,293,313,244,13-19,10-12,289,3-7,5-13,345,299,308,-16.19,293,-5.41,0-1,0-1,2-7,11-10
UNC Greensboro,SoCon,293,292,274,225,13-19,11-10,271,2-9,4-9,321,275,296,-15.78,342,-7.14,0-1,0-2,1-7,12-9
Houston Christian,Southland,294,294,248,213,10-20,8-15,191,2-5,3-13,228,191,302,-15.93,199,-3.49,0-2,0-5,1-4,9-9
Southeastern La.,Southland,295,295,220,202,8-22,6-16,180,2-6,2-15,212,168,324,-17.68,234,-4.17,0-2,0-6,2-4,6-10
Jacksonville,ASUN,296,297,270,223,10-20,7-12,282,3-8,3-14,217,90,297,-15.79,267,-4.90,0-4,0-1,0-6,10-9
Brown,Ivy League,297,296,233,209,7-18,3-11,148,4-7,3-10,294,360,287,-15.15,316,-6.05,0-1,0-2,0-9,7-6
West Ga.,ASUN,298,298,294,237,13-17,9-11,301,4-6,4-11,250,95,246,-13.20,186,-3.20,0-3,0-0,1-4,12-10
Ball St.,MAC,299,299,261,219,10-19,7-11,165,3-8,4-11,274,338,292,-15.53,330,-6.73,0-2,0-3,0-8,10-6
Northwestern St.,Southland,300,301,212,200,8-22,8-15,194,0-7,2-15,195,77,321,-17.38,268,-4.92,0-4,0-5,1-3,7-10
Prairie View(AQ),SWAC,301,300,345,259,15-18,13-9,356,2-9,3-13,242,42,255,-13.75,285,-5.23,0-5,0-2,0-0,15-11
USC Upstate,Big South,302,303,260,218,10-19,5-12,228,5-7,3-13,204,172,281,-14.72,239,-4.29,0-3,0-4,1-3,9-9
Wagner,NEC,303,302,349,262,11-17,9-11,328,2-6,6-12,323,110,271,-14.20,219,-3.88,0-2,0-2,0-4,11-9
East Texas A&M,Southland,304,304,207,199,9-21,6-16,178,3-5,4-13,151,48,299,-15.86,143,-2.35,0-4,0-4,1-3,8-10
Grambling,SWAC,305,305,354,270,12-19,8-12,350,4-7,4-13,330,158,303,-15.99,248,-4.42,0-2,0-1,1-3,11-13
Georgia St.,Sun Belt,306,307,242,211,8-22,7-12,261,1-10,3-12,308,281,341,-18.82,354,-8.18,0-2,0-0,3-10,5-10
Evansville,MVC,307,306,90,130,5-25,3-18,117,2-7,1-12,110,136,338,-18.40,263,-4.80,0-2,0-10,4-9,1-4
Tennessee Tech,OVC,308,308,321,248,10-18,8-12,313,2-6,5-12,309,114,285,-15.05,226,-3.95,0-2,0-0,1-5,9-11
Little Rock,OVC,309,309,305,241,10-20,9-12,314,1-8,5-13,334,199,318,-17.17,319,-6.11,0-1,0-3,0-6,10-10
Alabama A&M,SWAC,310,310,355,271,15-15,11-9,346,4-6,4-8,350,205,238,-12.50,227,-3.96,0-2,0-1,0-2,15-10
Florida A&M,SWAC,311,312,348,261,13-16,12-8,349,1-8,5-11,285,50,239,-12.60,273,-5.04,0-4,0-0,0-3,13-9
Stetson,ASUN,312,314,258,217,10-21,8-12,281,2-9,2-14,245,124,316,-17.02,320,-6.22,0-3,0-1,0-8,10-9
Louisiana,Sun Belt,313,313,252,216,11-22,8-12,252,3-10,3-13,286,262,330,-18.14,349,-7.70,0-3,0-0,2-10,9-9
Oral Roberts,Summit League,314,311,191,194,7-23,5-13,245,2-10,1-13,203,134,339,-18.57,340,-7.04,0-2,0-5,2-6,5-10
Northern Ariz.,Big Sky,315,315,177,188,7-22,4-15,214,3-7,1-13,227,208,328,-18.05,270,-4.96,0-2,0-2,2-10,5-8
Ark.-Pine Bluff,SWAC,316,316,296,238,11-19,10-9,360,1-10,6-14,155,10,265,-13.90,289,-5.28,0-6,1-1,0-3,10-9
Norfolk St.,MEAC,317,318,351,268,11-17,8-7,364,3-10,5-10,311,207,268,-14.07,344,-7.35,0-2,0-1,0-5,11-9
Cleveland St.,Horizon,318,317,202,197,8-22,7-15,235,1-7,3-13,255,185,334,-18.27,284,-5.22,0-2,1-2,1-10,6-8
IU Indy,Horizon,319,320,242,211,5-25,3-18,244,2-7,2-15,267,198,358,-21.37,277,-5.10,0-2,0-2,3-6,2-15
Eastern Ill.,OVC,320,319,281,230,10-20,9-13,308,1-7,3-13,211,16,293,-15.66,207,-3.68,0-3,0-1,0-5,10-11
UMass Lowell,America East,321,321,344,258,12-18,10-8,330,2-10,5-14,276,129,275,-14.41,337,-6.99,0-3,0-1,0-7,12-7
Texas Southern,SWAC,322,322,328,251,10-18,10-9,355,0-9,3-12,200,14,256,-13.80,282,-5.21,0-4,0-1,0-2,10-11
Alabama St.,SWAC,323,324,324,250,9-22,7-12,345,2-10,4-15,235,71,325,-17.91,322,-6.36,0-4,1-3,0-1,8-14
Lafayette,Patriot,324,323,309,243,10-21,8-11,318,2-10,5-11,325,232,326,-17.92,350,-7.72,0-2,0-1,1-6,9-12
New Haven,NEC,325,325,339,256,11-17,9-9,337,2-8,5-11,265,85,252,-13.60,279,-5.13,0-3,0-0,0-4,11-10
UAlbany,America East,326,326,318,247,8-21,7-10,340,1-11,4-13,339,247,337,-18.34,359,-8.81,0-0,0-4,1-8,7-9
NJIT,America East,327,327,336,255,15-17,11-7,335,4-10,8-11,290,174,248,-13.31,333,-6.85,0-3,0-1,2-6,13-7
Manhattan,MAAC,328,329,301,240,11-20,8-13,296,3-7,3-12,338,266,317,-17.12,287,-5.24,0-1,0-2,1-7,10-10
Loyola Maryland,Patriot,329,328,346,260,10-20,8-11,309,2-9,3-13,349,311,323,-17.48,345,-7.36,0-1,0-2,0-6,10-11
CSU Bakersfield,Big West,330,330,158,179,6-24,2-18,169,4-6,2-13,208,215,349,-19.63,229,-3.99,0-2,0-4,3-10,3-8
Holy Cross,Patriot,331,331,324,250,9-22,6-14,315,3-8,4-14,337,244,344,-19.11,310,-5.98,0-1,0-2,1-4,8-15
Stonehill,NEC,332,332,359,272,10-21,9-11,331,1-10,4-15,346,236,336,-18.30,352,-7.93,0-1,0-2,0-4,10-14
FDU,NEC,333,334,339,256,8-21,8-11,332,0-10,3-15,264,80,322,-17.47,341,-7.06,0-2,0-2,0-4,8-13
Bucknell,Patriot,334,333,284,231,10-23,7-13,299,3-10,4-12,260,159,342,-18.95,336,-6.96,0-3,0-1,0-8,10-11
NIU,MAC,335,335,197,196,7-21,4-14,160,3-7,3-14,170,160,310,-16.43,261,-4.68,0-4,0-3,1-8,6-6
Army West Point,Patriot,336,336,328,251,9-21,5-14,316,4-7,5-10,336,250,333,-18.20,272,-5.02,0-1,0-1,1-7,8-12
North Florida,ASUN,337,337,245,212,5-25,5-14,279,0-11,2-14,143,27,348,-19.62,331,-6.76,0-5,0-0,0-4,5-16
North Ala.,ASUN,338,338,289,233,7-21,4-15,278,3-6,4-12,318,239,331,-18.17,242,-4.32,0-1,1-1,1-6,5-13
Maine,America East,339,339,350,265,7-24,6-11,338,1-13,4-14,356,324,359,-21.67,364,-11.15,0-1,0-1,0-8,7-14
Niagara,MAAC,340,341,315,245,7-22,5-15,298,2-7,2-14,312,181,343,-18.97,271,-4.99,0-2,0-1,0-6,7-13
N.C. Central,MEAC,341,342,331,252,10-18,10-7,347,0-11,4-12,177,33,250,-13.49,335,-6.88,0-5,0-0,0-5,10-8
UTSA,American,342,344,126,161,3-25,1-17,138,2-8,2-12,123,186,347,-19.61,306,-5.78,0-3,0-6,1-6,2-10
Chicago St.,NEC,343,340,279,228,6-25,5-14,326,1-11,2-19,183,37,352,-20.10,332,-6.77,0-3,0-4,0-5,6-13
Canisius,MAAC,344,343,301,240,9-21,5-15,297,4-6,3-13,342,279,335,-18.30,241,-4.32,0-2,0-1,0-7,9-11
Southern Ind.,OVC,345,345,339,256,5-23,4-16,310,1-7,4-11,360,331,356,-21.07,312,-5.99,0-0,0-1,1-5,4-17
The Citadel,SoCon,346,346,274,225,8-22,8-12,264,0-10,3-12,344,330,345,-19.33,357,-8.74,0-0,0-2,0-10,8-10
Jackson St.,SWAC,347,347,296,238,12-21,11-9,352,1-12,4-15,124,7,279,-14.67,318,-6.11,0-7,0-0,0-3,12-11
New Hampshire,America East,348,348,318,247,7-21,5-12,327,2-9,1-16,210,55,315,-16.93,298,-5.52,0-3,0-2,0-5,7-11
Alcorn,SWAC,349,349,296,238,9-23,8-12,353,1-11,2-18,186,30,327,-17.98,325,-6.42,0-5,0-3,0-3,9-12
Air Force,Mountain West,350,350,85,127,3-29,0-21,83,3-8,0-12,97,332,355,-20.93,328,-6.64,0-7,0-9,0-8,3-5
UMES,MEAC,351,351,336,255,7-23,5-10,357,2-13,2-18,172,68,329,-18.13,355,-8.43,0-5,0-1,0-2,7-15
Morgan St.,MEAC,352,352,355,271,11-16,10-5,361,1-11,5-9,352,304,260,-13.87,360,-9.17,0-1,0-3,1-1,10-11
Saint Francis,NEC,353,353,294,237,5-24,5-13,333,0-11,2-14,224,58,350,-20.00,346,-7.55,0-3,0-2,0-4,5-15
Bryant,America East,354,354,322,249,7-22,5-12,329,2-10,1-17,288,156,340,-18.62,343,-7.17,0-3,0-0,0-8,7-11
ULM,Sun Belt,355,355,245,212,2-28,1-18,239,1-10,1-15,249,214,364,-24.19,351,-7.78,0-1,0-3,0-10,2-14
South Carolina St.,MEAC,356,356,334,254,8-22,8-8,344,0-14,3-16,247,138,332,-18.18,363,-10.58,0-3,0-2,0-5,8-12
Rider,MAAC,357,357,261,219,3-25,3-17,274,0-8,0-16,165,13,354,-20.36,259,-4.62,0-4,0-0,0-8,3-13
Kansas City,Summit League,358,358,216,201,1-27,1-16,249,0-11,1-15,185,98,360,-22.60,353,-7.94,0-3,0-4,0-5,1-15
VMI,SoCon,359,359,284,231,3-26,1-18,267,2-8,1-14,324,292,362,-23.11,323,-6.39,0-2,0-0,0-9,3-15
Binghamton,America East,360,360,364,283,5-23,4-12,336,1-11,1-14,364,346,357,-21.23,362,-9.70,0-0,0-3,0-2,5-18
Gardner-Webb,Big South,361,361,181,189,2-28,2-16,193,0-12,0-16,148,106,361,-22.78,358,-8.77,0-3,0-6,0-6,2-13
Delaware St.,MEAC,362,362,355,271,5-22,3-13,359,2-9,2-14,340,227,346,-19.55,334,-6.87,0-1,0-2,0-5,5-14
Coppin St.,MEAC,363,363,313,244,6-24,5-9,351,1-15,4-15,240,173,351,-20.08,365,-11.39,0-3,0-3,0-5,6-13
Western Ill.,OVC,364,364,328,251,2-26,1-19,307,1-7,1-15,347,249,363,-23.61,300,-5.55,0-1,0-1,0-4,2-20
Mississippi Val.,SWAC,365,365,331,252,2-30,2-17,354,0-13,1-18,252,93,365,-25.95,361,-9.36,0-4,0-4,0-1,2-21
